timestamp,open,high,low,close,volume,datetime
1762351200000,101802.66,103426.0,96419.4,103206.16,41.62046,2025-11-05 14:00:00
1762354800000,103206.17,108606.8,97703.0,103715.44,43.15669,2025-11-05 15:00:00
1762358400000,103715.44,104039.66,103118.82,103947.6,31.3121,2025-11-05 16:00:00
1762362000000,103947.61,109959.43,93173.63,103911.38,46.61223,2025-11-05 17:00:00
1762365600000,103911.38,105944.26,103760.0,104343.63,49.01792,2025-11-05 18:00:00
1762369200000,104343.63,104603.83,49993.95,104050.59,45.58165,2025-11-05 19:00:00
1762372800000,104038.45,104534.74,97620.71,103891.87,33.20283,2025-11-05 20:00:00
1762376400000,103891.86,103891.86,103541.87,103677.54,27.49706,2025-11-05 21:00:00
1762380000000,103672.37,106079.98,100946.53,103738.49,24.26031,2025-11-05 22:00:00
1762383600000,103763.9,104100.0,98124.92,103898.13,18.67,2025-11-05 23:00:00
1762387200000,103898.14,103898.14,98530.9,103664.38,25.7803,2025-11-06 00:00:00
1762390800000,103664.38,103664.38,102748.58,103365.65,13.43929,2025-11-06 01:00:00
1762394400000,103374.18,103561.94,102856.63,103353.51,14.0239,2025-11-06 02:00:00
1762398000000,103330.96,103976.3,103253.45,103632.11,13.69815,2025-11-06 03:00:00
1762401600000,103632.12,104200.0,103580.0,104030.8,14.24752,2025-11-06 04:00:00
1762405200000,104030.79,104030.79,103093.81,103125.56,15.33828,2025-11-06 05:00:00
1762408800000,103125.55,103769.72,50000.0,103335.39,28.38053,2025-11-06 06:00:00
1762412400000,103335.4,103769.72,99470.46,103211.98,34.30966,2025-11-06 07:00:00
1762416000000,103211.98,103440.0,43000.0,103188.05,30.22076,2025-11-06 08:00:00
1762419600000,103188.05,103261.93,102845.0,102845.01,44.11504,2025-11-06 09:00:00
1762423200000,102845.01,103288.59,102661.33,103118.0,43.3808,2025-11-06 10:00:00
1762426800000,103118.0,103300.01,100539.01,103204.77,34.68128,2025-11-06 11:00:00
1762430400000,103204.77,103298.04,102423.61,102574.21,41.82672,2025-11-06 12:00:00
1762434000000,102574.22,103769.72,28800.0,103303.21,46.76125,2025-11-06 13:00:00
1762437600000,103303.21,103769.72,87825.04,102125.0,51.84852,2025-11-06 14:00:00
1762441200000,102125.0,103325.2,30000.0,102000.0,54.38606,2025-11-06 15:00:00
1762444800000,102000.01,103325.2,96040.6,100832.47,86.40355,2025-11-06 16:00:00
1762448400000,100832.49,103325.2,70540.01,101805.99,54.25351,2025-11-06 17:00:00
1762452000000,101804.01,103325.2,87566.36,101725.19,87.16952,2025-11-06 18:00:00
1762455600000,101725.2,103325.2,91323.77,101388.82,87.18708,2025-11-06 19:00:00
1762459200000,101388.82,103325.2,85000.0,100924.92,72.76025,2025-11-06 20:00:00
1762462800000,100924.92,101216.09,90355.74,101131.14,40.80391,2025-11-06 21:00:00
1762466400000,101131.14,101480.0,90801.53,101462.77,25.50106,2025-11-06 22:00:00
1762470000000,101462.77,101811.23,101161.91,101330.28,28.23094,2025-11-06 23:00:00
1762473600000,101330.28,101629.88,45000.0,101466.6,38.619,2025-11-07 00:00:00
1762477200000,101466.6,103325.2,90714.0,101538.96,40.21824,2025-11-07 01:00:00
1762480800000,101538.96,101911.64,101102.97,101900.3,25.59476,2025-11-07 02:00:00
1762484400000,101912.88,102331.16,101866.43,101916.29,25.32389,2025-11-07 03:00:00
1762488000000,101916.29,102274.89,87825.04,102017.67,32.18677,2025-11-07 04:00:00
1762491600000,102017.68,103325.2,102017.68,102449.54,31.29433,2025-11-07 05:00:00
1762495200000,102447.48,102494.99,101862.53,101862.53,23.88567,2025-11-07 06:00:00
1762498800000,101851.01,103325.2,87825.04,102009.99,25.27968,2025-11-07 07:00:00
1762502400000,102010.0,102028.07,87825.04,101496.19,21.22958,2025-11-07 08:00:00
1762506000000,101496.18,103325.2,93110.07,101013.24,49.78251,2025-11-07 09:00:00
1762509600000,101013.66,101230.79,90081.93,100770.85,80.98741,2025-11-07 10:00:00
1762513200000,100770.84,102072.69,92145.37,100432.68,103.61015,2025-11-07 11:00:00
1762516800000,100427.87,100606.54,80762.0,99619.47,99.73871,2025-11-07 12:00:00
1762520400000,99619.48,101227.58,93595.73,100322.73,92.20586,2025-11-07 13:00:00
1762524000000,100333.47,101227.58,30000.0,100719.86,109.76337,2025-11-07 14:00:00
1762527600000,100719.86,103325.2,80762.0,100797.94,118.47141,2025-11-07 15:00:00
1762531200000,100797.94,101941.71,80762.0,101177.3,102.42473,2025-11-07 16:00:00
1762534800000,101177.3,102680.21,87825.04,102388.81,102.33627,2025-11-07 17:00:00
1762538400000,102388.82,103682.83,87825.04,102648.1,97.5347,2025-11-07 18:00:00
1762542000000,102648.1,103682.83,60000.0,103394.95,114.78762,2025-11-07 19:00:00
1762545600000,103394.96,103890.69,65000.0,103792.38,94.40681,2025-11-07 20:00:00
1762549200000,103792.39,105524.28,101582.86,103850.83,77.43333,2025-11-07 21:00:00
1762552800000,103877.17,104092.74,101137.88,103633.04,61.2701,2025-11-07 22:00:00
1762556400000,103633.04,103759.36,87825.04,103339.08,58.61058,2025-11-07 23:00:00
1762560000000,103339.09,103406.22,87825.04,102735.33,75.535,2025-11-08 00:00:00
1762563600000,102735.34,103228.6,87825.04,103001.31,76.37287,2025-11-08 01:00:00
1762567200000,102996.84,105900.2,87000.0,102860.02,97.74768,2025-11-08 02:00:00
1762570800000,102846.66,103293.15,87376.08,102646.31,67.25497,2025-11-08 03:00:00
1762574400000,102624.74,102820.02,87825.04,102556.82,68.39671,2025-11-08 04:00:00
1762578000000,102565.04,105327.42,71593.31,102304.01,57.54114,2025-11-08 05:00:00
1762581600000,102304.0,110000.0,87825.04,102215.63,105.64105,2025-11-08 06:00:00
1762585200000,102215.63,104448.83,96885.82,102376.43,139.40202,2025-11-08 07:00:00
1762588800000,102363.02,102674.98,87825.04,102440.23,61.62016,2025-11-08 08:00:00
1762592400000,102440.22,102602.48,61000.0,102399.45,71.92387,2025-11-08 09:00:00
1762596000000,102399.45,102575.35,101397.31,102482.74,59.09278,2025-11-08 10:00:00
1762599600000,102482.73,102762.54,87825.04,101880.02,75.33732,2025-11-08 11:00:00
1762603200000,101857.11,102220.41,87825.04,102060.09,83.26311,2025-11-08 12:00:00
1762606800000,102060.09,102519.3,87825.04,101790.59,87.10418,2025-11-08 13:00:00
1762610400000,101804.68,102066.95,96838.35,101827.18,88.49014,2025-11-08 14:00:00
1762614000000,101827.18,101954.0,87825.04,101695.86,79.78555,2025-11-08 15:00:00
1762617600000,101711.45,102128.8,95000.0,101834.85,74.53071,2025-11-08 16:00:00
1762621200000,101842.65,102000.0,60000.0,101994.52,76.67783,2025-11-08 17:00:00
1762624800000,101994.53,102219.39,30000.0,102139.52,86.08893,2025-11-08 18:00:00
1762628400000,102139.53,102272.05,87825.04,101989.65,73.58777,2025-11-08 19:00:00
1762632000000,101989.64,102172.35,96890.1,102068.06,48.23096,2025-11-08 20:00:00
1762635600000,102068.06,102496.77,102028.62,102272.82,60.61044,2025-11-08 21:00:00
1762639200000,102272.82,102586.45,102180.54,102377.47,49.87749,2025-11-08 22:00:00
1762642800000,102377.47,102482.2,102160.41,102312.94,52.89281,2025-11-08 23:00:00
1762646400000,102312.95,102479.56,71392.75,101794.89,68.11982,2025-11-09 00:00:00
1762650000000,101797.75,102148.18,87825.04,102045.07,62.08022,2025-11-09 01:00:00
1762653600000,102045.07,102045.07,92573.79,101635.65,63.62402,2025-11-09 02:00:00
1762657200000,101628.85,101812.64,88947.47,101634.22,56.52609,2025-11-09 03:00:00
1762660800000,101662.05,104276.85,24031.23,101724.9,58.69179,2025-11-09 04:00:00
1762664400000,101724.9,103788.74,21530.36,101928.54,53.48326,2025-11-09 05:00:00
1762668000000,101928.54,102092.63,21358.97,101739.56,47.99457,2025-11-09 06:00:00
1762671600000,101752.83,101951.62,101600.0,101944.6,60.93263,2025-11-09 07:00:00
1762675200000,101944.59,102440.6,21104.45,101969.37,49.02428,2025-11-09 08:00:00
1762678800000,101972.24,102127.26,101643.74,101664.02,60.52717,2025-11-09 09:00:00
1762682400000,101657.46,101917.99,21188.95,101862.39,50.92481,2025-11-09 10:00:00
1762686000000,101876.36,103124.05,101876.35,102230.81,55.09339,2025-11-09 11:00:00
1762689600000,102239.42,102414.32,102050.64,102086.9,50.54709,2025-11-09 12:00:00
1762693200000,102086.91,102997.37,102067.09,102921.28,67.95136,2025-11-09 13:00:00
1762696800000,102934.99,104276.85,87825.04,102954.99,77.28921,2025-11-09 14:00:00
1762700400000,102955.0,104129.97,20680.0,103762.18,73.81257,2025-11-09 15:00:00
1762704000000,103762.18,104276.85,20680.0,103845.03,45.83172,2025-11-09 16:00:00
1762707600000,103845.04,103964.81,103369.04,103612.13,17.77514,2025-11-09 17:00:00
1762711200000,103637.58,104540.74,97105.67,104516.19,34.50259,2025-11-09 18:00:00
1762714800000,104516.2,105002.74,104163.31,104799.99,66.28605,2025-11-09 19:00:00
1762718400000,104799.99,105157.8,20680.0,104607.18,60.19076,2025-11-09 20:00:00
1762722000000,104633.13,104816.59,104321.16,104511.34,11.40404,2025-11-09 21:00:00
1762725600000,104528.82,104811.21,104099.99,104667.2,9.63107,2025-11-09 22:00:00
1762729200000,104718.88,105436.99,102500.0,104736.12,15.15484,2025-11-09 23:00:00
1762732800000,104722.95,106504.03,104287.52,106315.06,19.01552,2025-11-10 00:00:00
1762736400000,106310.72,106728.9,20660.0,105736.89,17.82832,2025-11-10 01:00:00
1762740000000,105736.89,106029.06,20660.0,106019.97,13.39239,2025-11-10 02:00:00
1762743600000,106019.97,106281.44,105843.22,106032.89,22.73072,2025-11-10 03:00:00
1762747200000,106032.88,106300.0,105853.64,106171.12,39.06568,2025-11-10 04:00:00
1762750800000,106153.13,106460.0,20660.0,106083.07,33.32243,2025-11-10 05:00:00
1762754400000,106083.07,106300.0,105970.6,106221.89,20.38363,2025-11-10 06:00:00
1762758000000,106221.89,106538.5,106206.0,106449.78,23.93391,2025-11-10 07:00:00
1762761600000,106451.92,106539.39,105908.93,105970.0,32.66676,2025-11-10 08:00:00
1762765200000,105970.0,106564.14,105901.99,106438.77,34.08247,2025-11-10 09:00:00
1762768800000,106438.77,106454.73,105968.71,106026.36,19.33145,2025-11-10 10:00:00
1762772400000,106006.57,106321.16,105961.99,106176.51,24.22898,2025-11-10 11:00:00
1762776000000,106176.51,106210.93,74323.56,105944.17,24.23803,2025-11-10 12:00:00
1762779600000,105944.17,106656.01,105454.8,106564.19,40.04858,2025-11-10 13:00:00
1762783200000,106564.2,106656.01,50000.0,104907.21,43.88368,2025-11-10 14:00:00
1762786800000,104907.2,105975.75,103877.23,105046.01,66.06933,2025-11-10 15:00:00
1762790400000,105046.01,105347.12,93000.0,105254.76,137.54098,2025-11-10 16:00:00
1762794000000,105254.76,105978.82,105198.53,105964.03,126.50006,2025-11-10 17:00:00
1762797600000,105964.03,106064.85,105495.3,105495.3,123.18107,2025-11-10 18:00:00
1762801200000,105495.3,106656.01,105392.08,105796.55,105.36879,2025-11-10 19:00:00
1762804800000,105796.56,106656.01,105454.8,106034.88,142.89665,2025-11-10 20:00:00
1762808400000,106034.87,106213.08,105280.0,105611.01,146.61187,2025-11-10 21:00:00
1762812000000,105611.01,106100.0,105344.85,106024.02,53.56203,2025-11-10 22:00:00
1762815600000,106024.02,106395.15,105735.53,106011.12,35.76293,2025-11-10 23:00:00
1762819200000,106011.13,106139.84,50000.0,106139.84,37.98404,2025-11-11 00:00:00
1762822800000,106139.83,108540.27,105895.23,106085.98,56.69921,2025-11-11 01:00:00
1762826400000,106085.97,107585.2,105610.0,106658.06,50.37803,2025-11-11 02:00:00
1762830000000,106655.02,107085.61,106363.05,106452.28,32.90395,2025-11-11 03:00:00
1762833600000,106452.27,106531.48,105714.25,105737.99,24.23313,2025-11-11 04:00:00
1762837200000,105737.99,105755.33,99950.02,105243.0,34.08226,2025-11-11 05:00:00
1762840800000,105243.01,105345.68,104888.0,105282.89,24.30287,2025-11-11 06:00:00
1762844400000,105282.89,105388.77,104748.34,104768.34,35.21423,2025-11-11 07:00:00
1762848000000,104783.99,105348.81,99950.02,105157.8,114.2844,2025-11-11 08:00:00
1762851600000,105157.81,105458.0,104909.74,104971.62,117.02642,2025-11-11 09:00:00
1762855200000,104971.63,105290.36,104920.25,105116.44,114.85927,2025-11-11 10:00:00
1762858800000,105116.45,105497.99,105116.45,105308.23,127.40258,2025-11-11 11:00:00
1762862400000,105308.23,105500.0,104419.33,104512.78,139.84851,2025-11-11 12:00:00
1762866000000,104512.77,104699.77,104224.2,104385.0,146.00583,2025-11-11 13:00:00
1762869600000,104385.0,104636.8,103852.91,104544.62,155.75942,2025-11-11 14:00:00
1762873200000,104544.62,107533.05,103192.04,103497.65,108.78522,2025-11-11 15:00:00
1762876800000,103497.65,107533.05,103207.15,103388.85,49.90409,2025-11-11 16:00:00
1762880400000,103388.84,103730.0,101837.54,103338.99,32.58143,2025-11-11 17:00:00
1762884000000,103338.99,107533.05,103000.0,103403.43,32.13577,2025-11-11 18:00:00
1762887600000,103403.44,107533.05,99950.02,103133.4,28.58373,2025-11-11 19:00:00
1762891200000,103133.4,103366.93,99950.02,102776.02,28.25829,2025-11-11 20:00:00
1762894800000,102776.02,103087.6,35000.0,102653.0,27.04126,2025-11-11 21:00:00
1762898400000,102653.0,107533.05,97658.1,103000.02,55.59526,2025-11-11 22:00:00
1762902000000,103000.02,103509.35,97538.1,103063.99,90.56808,2025-11-11 23:00:00
1762905600000,103064.0,108540.27,97951.98,102879.01,89.94524,2025-11-12 00:00:00
1762909200000,102879.02,104629.87,99815.37,103264.91,27.01758,2025-11-12 01:00:00
1762912800000,103259.6,103613.37,102910.01,103151.68,23.94171,2025-11-12 02:00:00
1762916400000,103151.66,103613.37,103113.02,103310.0,12.97477,2025-11-12 03:00:00
1762920000000,103310.0,103454.33,103036.84,103246.87,15.23222,2025-11-12 04:00:00
1762923600000,103246.87,103444.56,103230.0,103385.31,9.26027,2025-11-12 05:00:00
1762927200000,103385.31,103642.38,103030.4,103366.98,26.0072,2025-11-12 06:00:00
1762930800000,103366.98,103534.98,103058.77,103111.33,13.47552,2025-11-12 07:00:00
1762934400000,103111.33,104220.0,103111.32,104147.24,35.44384,2025-11-12 08:00:00
1762938000000,104147.25,105045.14,103082.36,104521.56,45.77964,2025-11-12 09:00:00
1762941600000,104521.56,105018.3,104510.51,104900.0,28.72314,2025-11-12 10:00:00
1762945200000,104901.99,105600.93,104622.71,104994.02,25.11811,2025-11-12 11:00:00
1762948800000,104994.03,105310.48,104827.91,105003.47,29.23948,2025-11-12 12:00:00
1762952400000,105003.46,105235.0,104078.0,105039.99,36.0592,2025-11-12 13:00:00
1762956000000,105039.99,108540.27,40000.0,103948.03,95.45979,2025-11-12 14:00:00
1762959600000,103948.03,104510.45,101375.14,102155.98,59.78061,2025-11-12 15:00:00
1762963200000,102173.5,102254.23,35000.0,101437.24,56.54047,2025-11-12 16:00:00
1762966800000,101437.23,102193.5,101414.26,101748.01,33.41817,2025-11-12 17:00:00
1762970400000,101748.02,101969.77,101425.97,101560.03,24.24046,2025-11-12 18:00:00
1762974000000,101560.03,102066.37,100666.5,101304.34,33.81872,2025-11-12 19:00:00
1762977600000,101298.01,101828.3,101171.72,101527.08,26.27379,2025-11-12 20:00:00
1762981200000,101527.08,101920.48,101524.45,101920.47,23.3805,2025-11-12 21:00:00
1762984800000,101920.48,102280.15,101469.09,101986.03,15.95578,2025-11-12 22:00:00
1762988400000,101986.03,102310.0,101476.24,101650.0,22.21014,2025-11-12 23:00:00
1762992000000,101650.0,102036.65,101479.99,101854.57,36.8596,2025-11-13 00:00:00
1762995600000,101854.58,102610.0,100666.5,101998.3,40.51819,2025-11-13 01:00:00
1762999200000,101998.3,102577.9,100666.5,102076.51,23.07845,2025-11-13 02:00:00
1763002800000,102064.41,103030.0,99649.66,102130.22,51.70095,2025-11-13 03:00:00
1763006400000,102130.22,102550.73,101193.25,102149.26,30.16337,2025-11-13 04:00:00
1763010000000,102120.0,103344.37,99567.74,103113.42,47.24029,2025-11-13 05:00:00
1763013600000,103126.37,103676.72,102560.13,103574.13,46.23684,2025-11-13 06:00:00
1763017200000,103590.75,104020.24,103320.45,103445.55,21.51554,2025-11-13 07:00:00
1763020800000,103475.66,103809.64,102615.73,103684.07,21.01337,2025-11-13 08:00:00
1763024400000,103684.07,103740.0,102567.77,102795.09,27.83315,2025-11-13 09:00:00
1763028000000,102824.53,103285.99,102783.08,102991.23,20.90598,2025-11-13 10:00:00
1763031600000,102991.22,103148.56,102711.53,102936.49,21.69467,2025-11-13 11:00:00
1763035200000,102936.49,103263.48,102737.78,103143.45,28.84251,2025-11-13 12:00:00
1763038800000,103143.46,103151.49,101599.73,102326.47,37.68693,2025-11-13 13:00:00
1763042400000,102326.48,103366.01,100472.94,102934.88,35.9501,2025-11-13 14:00:00
1763046000000,102934.88,102973.35,30000.0,101399.68,42.1555,2025-11-13 15:00:00
1763049600000,101393.57,101624.52,100472.94,100612.3,40.28737,2025-11-13 16:00:00
1763053200000,100612.31,100787.93,30000.0,99642.01,81.95666,2025-11-13 17:00:00
1763056800000,99665.14,99877.49,81491.23,98560.34,77.84031,2025-11-13 18:00:00
1763060400000,98560.34,99246.78,98372.02,98671.26,66.75686,2025-11-13 19:00:00
1763064000000,98671.27,102523.41,87463.85,98114.95,64.49213,2025-11-13 20:00:00
1763067600000,98162.11,98950.0,98081.35,98829.38,43.64817,2025-11-13 21:00:00
1763071200000,98817.36,99933.0,98724.58,99850.0,54.29678,2025-11-13 22:00:00
1763074800000,99851.82,100499.23,99585.09,99750.01,49.56041,2025-11-13 23:00:00
1763078400000,99730.0,109392.95,97397.24,98995.74,88.90208,2025-11-14 00:00:00
1763082000000,98995.75,511520.05,30000.0,99253.88,184.09077,2025-11-14 01:00:00
1763085600000,99253.88,105686.81,99253.0,99624.38,89.23917,2025-11-14 02:00:00
1763089200000,99620.01,101647.3,98422.47,99136.03,51.45586,2025-11-14 03:00:00
1763092800000,99139.38,99355.32,30000.0,97799.96,60.73798,2025-11-14 04:00:00
1763096400000,97799.95,200000.0,96117.73,97523.97,82.27728,2025-11-14 05:00:00
1763100000000,97516.09,148363.68,21332.75,97601.95,101.25491,2025-11-14 06:00:00
1763103600000,97581.72,105806.51,91959.07,97151.98,60.95846,2025-11-14 07:00:00
1763107200000,97151.99,106927.21,96756.46,97412.0,98.03761,2025-11-14 08:00:00
1763110800000,97411.99,112073.6,96355.48,96876.73,65.56727,2025-11-14 09:00:00
1763114400000,96876.74,97694.19,96688.97,96757.66,47.48507,2025-11-14 10:00:00
1763118000000,96757.66,96930.76,95818.03,96199.99,61.99122,2025-11-14 11:00:00
1763121600000,96200.0,101755.5,94242.66,95341.93,62.65586,2025-11-14 12:00:00
1763125200000,95341.93,95667.68,94256.73,95217.7,66.2568,2025-11-14 13:00:00
1763128800000,95217.7,202104.57,93234.7,96542.02,63.95282,2025-11-14 14:00:00
1763132400000,96542.02,101234.5,94233.99,96778.22,66.40395,2025-11-14 15:00:00
1763136000000,96778.22,103043.78,95941.04,97021.39,52.46535,2025-11-14 16:00:00
1763139600000,97021.4,97168.81,80000.0,95800.0,49.64894,2025-11-14 17:00:00
1763143200000,95800.0,96548.1,34571.13,95075.55,38.37484,2025-11-14 18:00:00
1763146800000,95075.55,97176.39,60000.0,95678.04,27.27576,2025-11-14 19:00:00
1763150400000,95776.0,119020.46,35000.0,94362.94,393.5325,2025-11-14 20:00:00
1763154000000,94362.95,112155.69,82921.47,95059.45,334.92923,2025-11-14 21:00:00
1763157600000,95059.46,95482.74,94730.19,95135.33,28.59055,2025-11-14 22:00:00
1763161200000,95135.31,95199.34,87887.51,94578.83,21.15773,2025-11-14 23:00:00
1763164800000,94578.83,95454.89,35000.0,95137.61,53.08665,2025-11-15 00:00:00
1763168400000,95137.61,95703.19,94750.77,95667.51,42.27915,2025-11-15 01:00:00
1763172000000,95667.51,96393.45,95204.98,96393.45,48.89759,2025-11-15 02:00:00
1763175600000,96393.45,100517.5,96056.32,96417.12,44.9381,2025-11-15 03:00:00
1763179200000,96417.12,96510.91,95960.69,96112.13,25.74188,2025-11-15 04:00:00
1763182800000,96112.14,96425.23,95950.69,96327.62,18.37978,2025-11-15 05:00:00
1763186400000,96327.62,96570.65,96030.62,96121.26,27.77934,2025-11-15 06:00:00
1763190000000,96121.28,96372.68,93530.0,96323.69,32.92921,2025-11-15 07:00:00
1763193600000,96323.7,96347.47,95494.3,95914.86,37.36919,2025-11-15 08:00:00
1763197200000,95914.86,96123.46,95312.31,95838.73,30.87798,2025-11-15 09:00:00
1763200800000,95835.17,96276.12,95586.94,95952.13,25.76731,2025-11-15 10:00:00
1763204400000,95952.13,95973.98,95539.9,95681.62,27.6104,2025-11-15 11:00:00
1763208000000,95681.63,96644.57,95539.9,95808.39,31.6055,2025-11-15 12:00:00
1763211600000,95808.4,96357.14,95539.9,96338.68,37.51883,2025-11-15 13:00:00
1763215200000,96338.68,96742.06,95423.56,96244.39,42.4161,2025-11-15 14:00:00
1763218800000,96244.39,96690.7,95126.07,96244.0,41.96619,2025-11-15 15:00:00
1763222400000,96244.0,96548.57,95734.99,96148.21,37.14623,2025-11-15 16:00:00
1763226000000,96162.85,96833.92,95419.0,96203.15,40.62968,2025-11-15 17:00:00
1763229600000,96217.89,96344.35,95951.56,96052.98,34.4079,2025-11-15 18:00:00
1763233200000,96052.98,96152.98,95922.0,96012.0,15.65344,2025-11-15 19:00:00
1763236800000,96012.0,96012.01,95124.13,95280.62,26.11705,2025-11-15 20:00:00
1763240400000,95283.6,96833.92,95127.99,95271.54,41.8355,2025-11-15 21:00:00
1763244000000,95274.53,95656.64,95025.07,95619.62,21.43652,2025-11-15 22:00:00
1763247600000,95619.63,95739.58,95493.96,95596.24,17.43713,2025-11-15 23:00:00
1763251200000,95629.69,95752.5,95205.74,95413.11,18.81836,2025-11-16 00:00:00
1763254800000,95413.11,95627.3,30000.0,95286.09,47.06654,2025-11-16 01:00:00
1763258400000,95276.61,95963.35,90202.68,95963.34,68.90841,2025-11-16 02:00:00
1763262000000,95963.34,95963.35,95630.22,95840.38,19.84154,2025-11-16 03:00:00
1763265600000,95840.38,95926.06,95648.72,95812.73,18.25026,2025-11-16 04:00:00
1763269200000,95819.88,96248.49,95817.0,95876.59,20.61948,2025-11-16 05:00:00
1763272800000,95876.58,96043.64,95762.42,95780.48,13.82825,2025-11-16 06:00:00
1763276400000,95780.47,96089.14,95741.94,96088.46,21.9763,2025-11-16 07:00:00
1763280000000,96099.99,96228.55,95861.0,96106.74,27.02616,2025-11-16 08:00:00
1763283600000,96106.75,96629.74,95938.63,96629.74,31.5707,2025-11-16 09:00:00
1763287200000,96629.75,96833.92,96279.06,96444.7,43.57681,2025-11-16 10:00:00
1763290800000,96444.71,96506.37,94944.04,95636.34,51.71878,2025-11-16 11:00:00
1763294400000,95627.13,95950.52,25000.0,95734.36,48.54508,2025-11-16 12:00:00
1763298000000,95734.35,95950.52,25000.0,95404.77,69.02095,2025-11-16 13:00:00
1763301600000,95404.77,95950.52,91138.71,95545.11,28.38276,2025-11-16 14:00:00
1763305200000,95531.13,96011.2,20000.0,94567.06,55.25862,2025-11-16 15:00:00
1763308800000,94567.06,200894.36,94001.7,94242.75,67.20465,2025-11-16 16:00:00
1763312400000,94242.75,94507.73,93802.76,94379.23,28.37168,2025-11-16 17:00:00
1763316000000,94365.23,95467.01,20000.0,94044.94,79.71386,2025-11-16 18:00:00
1763319600000,94044.94,100078.52,93946.01,94019.48,46.18585,2025-11-16 19:00:00
1763323200000,94019.47,101098.2,86816.88,94090.0,64.33856,2025-11-16 20:00:00
1763326800000,94090.01,95925.48,46933.65,93496.85,64.88377,2025-11-16 21:00:00
1763330400000,93500.0,99591.04,91138.71,94181.74,63.07991,2025-11-16 22:00:00
1763334000000,94183.36,94956.03,93024.52,94261.44,59.89313,2025-11-16 23:00:00
1763337600000,94261.45,118822.12,93724.36,95290.0,55.22102,2025-11-17 00:00:00
1763341200000,95290.01,96162.77,94754.68,94780.02,39.61882,2025-11-17 01:00:00
1763344800000,94768.02,95586.94,94716.0,94976.18,39.36524,2025-11-17 02:00:00
1763348400000,94976.17,95542.03,94805.44,95485.25,40.74733,2025-11-17 03:00:00
1763352000000,95493.97,95557.38,94894.37,95093.05,35.03472,2025-11-17 04:00:00
1763355600000,95096.73,95255.2,94824.54,95025.0,26.10824,2025-11-17 05:00:00
1763359200000,95109.52,95333.99,94893.59,95282.36,22.52229,2025-11-17 06:00:00
1763362800000,95282.36,95857.52,95208.33,95668.2,38.64125,2025-11-17 07:00:00
1763366400000,95686.01,96020.56,45000.0,95619.06,29.92601,2025-11-17 08:00:00
1763370000000,95619.07,96164.45,95330.0,95656.2,35.03808,2025-11-17 09:00:00
1763373600000,95656.2,95884.73,95545.1,95648.51,22.57325,2025-11-17 10:00:00
1763377200000,95648.51,95898.98,95394.46,95565.38,34.59007,2025-11-17 11:00:00
1763380800000,95565.38,95571.3,92397.47,95302.69,38.34904,2025-11-17 12:00:00
1763384400000,95302.7,95370.89,93580.6,93881.23,47.55041,2025-11-17 13:00:00
1763388000000,93881.24,96164.45,92397.47,94733.43,71.27326,2025-11-17 14:00:00
1763391600000,94733.43,96164.45,93518.77,93956.27,47.89348,2025-11-17 15:00:00
1763395200000,93959.68,95269.93,92759.13,94253.41,50.54555,2025-11-17 16:00:00
1763398800000,94253.42,94316.0,92624.86,92781.0,51.35328,2025-11-17 17:00:00
1763402400000,92758.2,93211.52,91439.98,92564.69,37.07731,2025-11-17 18:00:00
1763406000000,92549.02,92624.0,79189.84,91682.16,48.20071,2025-11-17 19:00:00
1763409600000,91682.16,92209.29,83207.0,91953.62,67.34318,2025-11-17 20:00:00
1763413200000,91953.63,93237.64,87489.71,91942.13,73.08927,2025-11-17 21:00:00
1763416800000,91959.71,99999.03,91814.31,92244.47,64.77031,2025-11-17 22:00:00
1763420400000,92247.63,92290.9,30000.0,92213.5,64.36533,2025-11-17 23:00:00
1763424000000,92213.5,92397.47,60000.0,92186.24,52.6287,2025-11-18 00:00:00
1763427600000,92186.25,92203.69,87109.2,91744.17,44.65184,2025-11-18 01:00:00
1763431200000,91714.97,92261.96,90378.68,90839.05,53.89514,2025-11-18 02:00:00
1763434800000,90839.06,91097.76,88562.02,90847.99,61.71393,2025-11-18 03:00:00
1763438400000,90848.0,93286.86,89470.35,90077.86,41.30011,2025-11-18 04:00:00
1763442000000,90077.86,90441.78,89470.35,90221.32,39.72092,2025-11-18 05:00:00
1763445600000,90221.33,90221.33,89389.29,89651.3,16.10571,2025-11-18 06:00:00
1763449200000,89651.3,90549.2,88562.02,90508.95,17.9772,2025-11-18 07:00:00
1763452800000,90508.95,91435.04,90508.95,91220.0,25.28474,2025-11-18 08:00:00
1763456400000,91219.99,91494.63,90893.6,91424.73,16.42311,2025-11-18 09:00:00
1763460000000,91422.62,93282.76,91256.34,91585.02,19.08915,2025-11-18 10:00:00
1763463600000,91585.02,91615.43,91263.63,91529.27,19.54655,2025-11-18 11:00:00
1763467200000,91529.28,91847.97,89719.28,91498.71,24.89223,2025-11-18 12:00:00
1763470800000,91526.05,91652.89,90929.94,91488.63,17.77399,2025-11-18 13:00:00
1763474400000,91476.56,92421.31,91224.27,91396.9,28.00573,2025-11-18 14:00:00
1763478000000,91396.9,93282.76,91030.31,92926.0,26.32784,2025-11-18 15:00:00
1763481600000,92910.11,200000.0,91100.0,93488.92,22.2244,2025-11-18 16:00:00
1763485200000,93499.15,93657.14,92828.6,93267.0,22.84926,2025-11-18 17:00:00
1763488800000,93255.2,96273.37,91100.0,93331.08,30.60812,2025-11-18 18:00:00
1763492400000,93331.08,96353.04,92994.9,93171.99,18.72772,2025-11-18 19:00:00
1763496000000,93195.62,93286.07,92664.99,92739.61,22.48689,2025-11-18 20:00:00
1763499600000,92807.65,96353.04,91100.0,92507.04,23.79233,2025-11-18 21:00:00
1763503200000,92491.59,103349.28,30000.0,93154.0,83.87721,2025-11-18 22:00:00
1763506800000,93159.99,93160.0,87172.73,92960.83,28.09258,2025-11-18 23:00:00
1763510400000,92960.83,103244.07,92001.0,92426.01,16.70665,2025-11-19 00:00:00
1763514000000,92416.52,118822.12,91002.64,92390.01,19.93305,2025-11-19 01:00:00
1763517600000,92390.01,96545.95,92157.35,92553.58,18.07499,2025-11-19 02:00:00
1763521200000,92569.12,92835.4,91002.64,91894.51,16.09863,2025-11-19 03:00:00
1763524800000,91874.52,91956.81,91064.94,91215.63,11.76132,2025-11-19 04:00:00
1763528400000,91163.2,97225.33,89645.8,90450.78,12.57847,2025-11-19 05:00:00
1763532000000,90450.78,91094.7,87512.53,90976.32,19.47942,2025-11-19 06:00:00
1763535600000,90976.32,92000.04,90961.41,91889.98,42.50683,2025-11-19 07:00:00
1763539200000,91889.98,91945.36,91357.44,91466.62,24.68948,2025-11-19 08:00:00
1763542800000,91466.62,92060.0,89080.09,91493.17,36.17229,2025-11-19 09:00:00
1763546400000,91500.0,91700.55,91230.75,91314.74,21.46266,2025-11-19 10:00:00
1763550000000,91314.75,91734.01,91314.74,91420.62,19.95322,2025-11-19 11:00:00
1763553600000,91410.22,91870.34,91221.52,91775.38,34.7562,2025-11-19 12:00:00
1763557200000,91780.0,91885.7,30000.0,91378.01,40.02072,2025-11-19 13:00:00
1763560800000,91384.63,91857.3,90865.0,91700.07,42.12937,2025-11-19 14:00:00
1763564400000,91700.08,92377.65,89894.7,89918.83,46.23489,2025-11-19 15:00:00
1763568000000,89921.72,92055.72,89374.89,89914.45,36.42389,2025-11-19 16:00:00
1763571600000,89914.45,90118.14,88119.31,89494.95,35.78632,2025-11-19 17:00:00
1763575200000,89494.96,89698.28,88804.79,89233.03,31.34908,2025-11-19 18:00:00
1763578800000,89233.04,89370.24,86904.53,88878.38,49.16363,2025-11-19 19:00:00
1763582400000,88878.39,89659.44,88616.37,89543.81,45.14053,2025-11-19 20:00:00
1763586000000,89543.82,90932.25,30000.0,90585.35,56.69106,2025-11-19 21:00:00
1763589600000,90585.35,90635.58,90014.98,90511.75,23.61955,2025-11-19 22:00:00
1763593200000,90511.76,92019.28,90490.66,91562.74,30.24823,2025-11-19 23:00:00
1763596800000,91562.75,92867.87,91236.86,91890.5,37.96855,2025-11-20 00:00:00
1763600400000,91890.5,92649.99,60000.0,92570.97,42.94775,2025-11-20 01:00:00
1763604000000,92569.08,92867.87,92285.73,92571.54,34.58734,2025-11-20 02:00:00
1763607600000,92571.54,92825.72,92396.24,92475.02,38.75695,2025-11-20 03:00:00
1763611200000,92476.04,92966.05,92139.35,92959.14,32.58444,2025-11-20 04:00:00
1763614800000,92959.15,93142.0,92566.99,92623.36,26.69745,2025-11-20 05:00:00
1763618400000,92616.2,92892.75,91692.71,91973.56,27.85951,2025-11-20 06:00:00
1763622000000,91973.56,92441.48,89503.25,92320.18,30.35557,2025-11-20 07:00:00
1763625600000,92320.18,92376.75,92103.26,92143.49,37.65508,2025-11-20 08:00:00
1763629200000,92143.48,92327.77,91473.42,91870.34,43.54389,2025-11-20 09:00:00
1763632800000,91870.34,92057.33,91614.12,91808.58,32.81141,2025-11-20 10:00:00
1763636400000,91808.59,92005.93,91505.88,91941.15,28.26737,2025-11-20 11:00:00
1763640000000,91941.15,91988.93,90978.1,91839.25,29.75147,2025-11-20 12:00:00
1763643600000,91839.25,92745.71,91537.85,91541.15,54.86647,2025-11-20 13:00:00
1763647200000,91541.15,92080.03,20000.0,91107.87,58.87216,2025-11-20 14:00:00
1763650800000,91107.88,92745.71,57790.93,89870.41,66.94187,2025-11-20 15:00:00
1763654400000,89870.4,95039.29,87292.99,87870.26,126.08963,2025-11-20 16:00:00
1763658000000,87870.27,89355.85,35000.0,87244.29,65.67804,2025-11-20 17:00:00
1763661600000,87244.29,87748.75,35496.58,86498.36,43.77719,2025-11-20 18:00:00
1763665200000,86498.37,89355.85,86068.89,86929.35,56.5449,2025-11-20 19:00:00
1763668800000,86921.28,87239.71,86334.0,86452.41,50.31345,2025-11-20 20:00:00
1763672400000,86452.42,95039.29,86452.41,87314.0,49.46536,2025-11-20 21:00:00
1763676000000,87314.0,95039.29,87208.88,88105.31,53.62712,2025-11-20 22:00:00
1763679600000,88054.97,88594.63,86563.6,86643.99,47.08618,2025-11-20 23:00:00
1763683200000,86637.23,95792.21,69647.99,87283.99,58.05701,2025-11-21 00:00:00
1763686800000,87284.0,87573.4,46942.12,87065.7,58.66882,2025-11-21 01:00:00
1763690400000,87064.77,98516.1,85449.37,85515.45,69.71208,2025-11-21 02:00:00
1763694000000,85476.17,86481.98,60000.0,85828.8,73.6841,2025-11-21 03:00:00
1763697600000,85841.54,86481.98,82672.04,86038.81,54.11976,2025-11-21 04:00:00
1763701200000,86046.91,86839.95,85782.03,86186.84,47.36463,2025-11-21 05:00:00
1763704800000,86186.84,86255.02,85420.3,85587.03,52.10606,2025-11-21 06:00:00
1763708400000,85587.03,85756.0,60000.0,84094.14,72.41416,2025-11-21 07:00:00
1763712000000,84094.14,98516.1,80907.9,83663.34,60.5184,2025-11-21 08:00:00
1763715600000,83663.34,87000.0,81415.79,82211.17,71.05168,2025-11-21 09:00:00
1763719200000,82211.18,83153.09,30000.0,82735.36,67.66028,2025-11-21 10:00:00
1763722800000,82735.36,200000.0,82208.55,82319.69,67.55785,2025-11-21 11:00:00
1763726400000,82321.24,110850.72,50000.0,83277.72,146.86458,2025-11-21 12:00:00
1763730000000,83277.71,108553.13,50000.0,84123.55,146.1396,2025-11-21 13:00:00
1763733600000,84123.55,85419.66,20000.0,84859.73,86.42141,2025-11-21 14:00:00
1763737200000,84859.73,108349.69,35000.0,82924.92,71.54899,2025-11-21 15:00:00
1763740800000,82932.47,109527.14,60000.0,84856.21,104.22028,2025-11-21 16:00:00
1763744400000,84856.21,86193.38,84598.29,84847.73,38.91722,2025-11-21 17:00:00
1763748000000,84847.72,108146.63,59171.9,84569.24,103.25717,2025-11-21 18:00:00
1763751600000,84569.24,108011.46,60000.0,84217.08,72.39971,2025-11-21 19:00:00
1763755200000,84217.08,141463.46,21000.0,84560.11,151.76303,2025-11-21 20:00:00
1763758800000,84560.11,85790.55,27555.78,85182.15,61.59924,2025-11-21 21:00:00
1763762400000,85182.14,196563.52,80551.51,84267.45,57.75864,2025-11-21 22:00:00
1763766000000,84286.54,107203.96,60000.0,85123.2,55.31633,2025-11-21 23:00:00
1763769600000,85123.2,128252.47,60000.0,84739.92,90.98933,2025-11-22 00:00:00
1763773200000,84739.92,106869.28,60000.0,85165.99,88.73926,2025-11-22 01:00:00
1763776800000,85166.0,111072.86,20000.0,84515.54,73.80569,2025-11-22 02:00:00
1763780400000,84529.0,200000.0,60000.0,84440.47,97.63562,2025-11-22 03:00:00
1763784000000,84440.48,102274.22,60000.0,84239.72,69.57765,2025-11-22 04:00:00
1763787600000,84246.89,88776.92,21000.0,84280.91,63.9426,2025-11-22 05:00:00
1763791200000,84280.92,106535.67,60000.0,84628.29,108.66397,2025-11-22 06:00:00
1763794800000,84636.0,106469.07,84322.6,84580.05,54.38704,2025-11-22 07:00:00
1763798400000,84580.06,84687.44,83893.0,84027.67,33.04579,2025-11-22 08:00:00
1763802000000,84027.67,84336.0,83864.07,83900.0,32.16507,2025-11-22 09:00:00
1763805600000,83905.65,151183.58,81780.71,83693.26,55.74562,2025-11-22 10:00:00
1763809200000,83703.67,84708.12,82393.31,84105.5,47.51843,2025-11-22 11:00:00
1763812800000,84111.25,84355.37,83620.16,83891.44,43.69253,2025-11-22 12:00:00
1763816400000,83884.01,84132.09,83653.12,83945.02,27.94994,2025-11-22 13:00:00
1763820000000,83945.03,84767.83,83928.88,84482.17,45.85383,2025-11-22 14:00:00
1763823600000,84494.41,84778.74,84014.4,84298.3,26.76581,2025-11-22 15:00:00
1763827200000,84284.01,84937.7,83928.88,84708.98,42.85256,2025-11-22 16:00:00
1763830800000,84694.66,84866.33,84423.98,84585.08,26.36666,2025-11-22 17:00:00
1763834400000,84554.2,84744.85,84429.09,84657.35,20.04666,2025-11-22 18:00:00
1763838000000,84659.8,84956.71,83764.4,84609.77,37.08104,2025-11-22 19:00:00
1763841600000,84609.77,84937.7,82797.83,84466.0,37.43188,2025-11-22 20:00:00
1763845200000,84474.41,84956.71,83638.42,84411.3,33.10417,2025-11-22 21:00:00
1763848800000,84411.31,85380.43,84278.0,85118.0,39.6497,2025-11-22 22:00:00
1763852400000,85082.81,85280.62,84284.11,84739.74,35.83484,2025-11-22 23:00:00
1763856000000,84739.75,85316.48,84667.57,84961.27,37.51511,2025-11-23 00:00:00
1763859600000,84971.74,173384.88,84965.09,85874.0,50.26751,2025-11-23 01:00:00
1763863200000,85879.83,86600.01,85654.16,86000.33,42.07746,2025-11-23 02:00:00
1763866800000,86000.34,86481.98,85820.68,86308.54,47.88126,2025-11-23 03:00:00
1763870400000,86308.54,86842.0,85836.86,86548.2,42.45552,2025-11-23 04:00:00
1763874000000,86548.2,86750.88,86023.17,86342.09,24.92292,2025-11-23 05:00:00
1763877600000,86349.83,86492.91,85853.78,85880.01,36.96052,2025-11-23 06:00:00
1763881200000,85880.01,85938.34,85420.0,85785.19,39.92039,2025-11-23 07:00:00
1763884800000,85791.01,86186.68,85773.77,86145.59,25.2863,2025-11-23 08:00:00
1763888400000,86137.19,86465.23,86080.02,86393.03,20.79347,2025-11-23 09:00:00
1763892000000,86393.03,86438.08,86065.1,86065.63,22.16857,2025-11-23 10:00:00
1763895600000,86066.24,86414.02,85839.34,86331.27,31.14352,2025-11-23 11:00:00
1763899200000,86331.27,86913.0,86271.1,86506.07,38.56563,2025-11-23 12:00:00
1763902800000,86530.04,86920.0,86326.81,86913.02,34.3164,2025-11-23 13:00:00
1763906400000,86928.31,87372.89,65250.0,86544.8,52.9449,2025-11-23 14:00:00
1763910000000,86555.67,87191.35,86394.67,87098.78,39.54057,2025-11-23 15:00:00
1763913600000,87098.79,87444.56,20000.0,86678.63,54.80435,2025-11-23 16:00:00
1763917200000,86678.64,86957.45,86517.13,86743.07,42.67968,2025-11-23 17:00:00
1763920800000,86763.45,87259.58,86724.78,86995.01,28.40577,2025-11-23 18:00:00
1763924400000,86995.02,87665.97,86845.89,87324.07,35.63314,2025-11-23 19:00:00
1763928000000,87336.19,87692.0,86828.67,87490.41,36.38888,2025-11-23 20:00:00
1763931600000,87483.37,87995.6,87002.96,87990.99,27.87706,2025-11-23 21:00:00
1763935200000,87992.03,88210.11,87554.24,87951.29,27.477,2025-11-23 22:00:00
1763938800000,87951.29,90608.43,86245.24,86817.21,41.47533,2025-11-23 23:00:00
1763942400000,86824.8,91209.59,85971.34,86737.23,49.9872,2025-11-24 00:00:00
1763946000000,86737.23,87352.01,83980.82,87062.96,49.58797,2025-11-24 01:00:00
1763949600000,87109.59,88560.58,87047.26,87513.76,53.83165,2025-11-24 02:00:00
1763953200000,87513.77,127655.53,87177.31,87466.47,43.01532,2025-11-24 03:00:00
1763956800000,87460.03,87682.14,83716.55,86744.94,51.46728,2025-11-24 04:00:00
1763960400000,86748.87,87971.03,86683.31,87468.28,44.82193,2025-11-24 05:00:00
1763964000000,87468.29,87677.3,83011.0,86917.77,43.66515,2025-11-24 06:00:00
1763967600000,86887.63,87635.79,86703.7,87032.44,45.28385,2025-11-24 07:00:00
1763971200000,87038.49,87038.49,20000.0,86950.04,45.47167,2025-11-24 08:00:00
1763974800000,86950.04,86950.04,84770.0,85957.84,44.53695,2025-11-24 09:00:00
1763978400000,85957.84,86167.67,85714.75,86049.74,39.36988,2025-11-24 10:00:00
1763982000000,86049.75,86422.69,85858.1,86264.72,34.11299,2025-11-24 11:00:00
1763985600000,86241.5,86270.43,85642.42,86011.61,30.64735,2025-11-24 12:00:00
1763989200000,86005.13,86570.01,80774.2,86155.48,43.04191,2025-11-24 13:00:00
1763992800000,86155.48,86789.31,35000.0,86044.92,53.58934,2025-11-24 14:00:00
1763996400000,86044.93,87003.63,76635.89,86615.38,56.56311,2025-11-24 15:00:00
1764000000000,86615.38,88026.12,84650.51,87174.49,45.84944,2025-11-24 16:00:00
1764003600000,87174.49,88448.27,86960.81,88377.96,38.90776,2025-11-24 17:00:00
1764007200000,88377.97,98650.0,88118.7,88715.31,36.62672,2025-11-24 18:00:00
1764010800000,88715.31,88832.91,62050.79,88325.99,39.02156,2025-11-24 19:00:00
1764014400000,88325.99,89228.0,88325.99,89152.36,31.21763,2025-11-24 20:00:00
1764018000000,89152.37,98650.0,88728.21,88783.06,32.12483,2025-11-24 21:00:00
1764021600000,88783.06,102000.0,84211.79,88650.6,47.0938,2025-11-24 22:00:00
1764025200000,88650.6,88689.17,66482.99,88300.01,20.70917,2025-11-24 23:00:00
1764028800000,88300.01,88338.58,35000.0,88097.31,40.66585,2025-11-25 00:00:00
1764032400000,88097.31,89111.46,87702.47,87719.67,35.78541,2025-11-25 01:00:00
1764036000000,87719.68,87996.72,87485.59,87896.85,37.50916,2025-11-25 02:00:00
1764039600000,87887.99,88029.29,80779.05,87822.12,32.5598,2025-11-25 03:00:00
1764043200000,87822.12,88588.04,87743.04,88341.13,27.15995,2025-11-25 04:00:00
1764046800000,88341.14,88341.14,87937.46,88120.83,15.85247,2025-11-25 05:00:00
1764050400000,88120.83,88230.8,87802.1,88004.71,29.42412,2025-11-25 06:00:00
1764054000000,88003.96,88056.59,87354.95,87390.32,35.06786,2025-11-25 07:00:00
1764057600000,87376.49,87606.57,86993.2,87011.67,26.8826,2025-11-25 08:00:00
1764061200000,87011.68,87241.99,83531.27,87231.76,38.62514,2025-11-25 09:00:00
1764064800000,87231.76,87413.31,86964.73,87411.01,19.61183,2025-11-25 10:00:00
1764068400000,87411.01,87530.54,87310.0,87361.72,17.6218,2025-11-25 11:00:00
1764072000000,87361.72,87770.37,87361.71,87509.45,28.0586,2025-11-25 12:00:00
1764075600000,87510.0,87864.91,86884.43,87066.45,43.61667,2025-11-25 13:00:00
1764079200000,87066.45,87273.91,85751.75,86748.95,55.32447,2025-11-25 14:00:00
1764082800000,86748.95,87352.01,85374.0,86965.99,51.42826,2025-11-25 15:00:00
1764086400000,86966.0,87285.87,86748.49,87150.0,33.38574,2025-11-25 16:00:00
1764090000000,87150.01,88144.98,87002.96,87625.9,38.47111,2025-11-25 17:00:00
1764093600000,87625.9,87850.33,85316.46,87239.29,35.95721,2025-11-25 18:00:00
1764097200000,87239.29,87352.01,83575.31,86909.97,40.07252,2025-11-25 19:00:00
1764100800000,86882.85,87677.26,86728.39,87406.47,28.34924,2025-11-25 20:00:00
1764104400000,87406.47,87449.73,86900.0,87032.38,22.74458,2025-11-25 21:00:00
1764108000000,87032.38,89111.46,83575.31,87642.41,29.74726,2025-11-25 22:00:00
1764111600000,87642.42,87864.47,87316.44,87369.97,21.02173,2025-11-25 23:00:00
1764115200000,87369.97,87757.35,83535.28,87571.99,30.18341,2025-11-26 00:00:00
1764118800000,87571.99,88209.16,87350.0,87917.53,29.96585,2025-11-26 01:00:00
1764122400000,87918.35,88101.42,87682.62,87711.8,20.07841,2025-11-26 02:00:00
1764126000000,87718.59,87892.82,87071.63,87119.92,27.48502,2025-11-26 03:00:00
1764129600000,87119.92,87359.99,86875.98,87232.37,24.33454,2025-11-26 04:00:00
1764133200000,87232.37,87741.5,22146.27,87515.85,42.7881,2025-11-26 05:00:00
1764136800000,87515.85,88269.15,87460.57,87805.49,29.36129,2025-11-26 06:00:00
1764140400000,87805.5,87970.0,87701.31,87935.06,16.72215,2025-11-26 07:00:00
1764144000000,87935.06,87941.37,87416.44,87429.1,21.56279,2025-11-26 08:00:00
1764147600000,87429.11,87441.45,86746.6,86832.22,24.11844,2025-11-26 09:00:00
1764151200000,86825.27,87063.75,86670.36,86955.16,20.30288,2025-11-26 10:00:00
1764154800000,86955.17,87128.17,86846.86,87088.43,17.92272,2025-11-26 11:00:00
1764158400000,87095.79,87833.8,86315.99,86656.28,36.13758,2025-11-26 12:00:00
1764162000000,86645.35,87175.09,86536.26,87116.66,32.65399,2025-11-26 13:00:00
1764165600000,87116.66,89537.01,86820.26,86899.74,54.40023,2025-11-26 14:00:00
1764169200000,86881.33,87362.16,86710.0,86978.0,75.70763,2025-11-26 15:00:00
1764172800000,86978.0,88017.7,86971.31,87820.02,44.71507,2025-11-26 16:00:00
1764176400000,87820.02,89950.0,87719.74,89830.8,56.20082,2025-11-26 17:00:00
1764180000000,89830.8,90496.56,20000.0,90146.93,93.74464,2025-11-26 18:00:00
1764183600000,90145.7,90192.01,89743.06,89957.37,39.28124,2025-11-26 19:00:00
1764187200000,89957.37,90219.74,89523.17,89877.78,33.79856,2025-11-26 20:00:00
1764190800000,89877.79,90537.16,89816.0,90189.39,30.36774,2025-11-26 21:00:00
1764194400000,90189.4,90716.41,90130.49,90379.35,23.77143,2025-11-26 22:00:00
1764198000000,90395.06,90600.0,90331.23,90484.01,50.55572,2025-11-26 23:00:00
1764201600000,90484.01,90574.02,90091.71,90464.32,26.26067,2025-11-27 00:00:00
1764205200000,90480.0,91165.27,90390.43,91145.79,40.34883,2025-11-27 01:00:00
1764208800000,91145.79,91896.17,90711.19,91360.01,47.42749,2025-11-27 02:00:00
1764212400000,91360.0,91605.25,90519.45,91091.68,40.08387,2025-11-27 03:00:00
1764216000000,91091.68,91468.27,90900.0,91287.39,26.92214,2025-11-27 04:00:00
1764219600000,91281.05,91673.15,90921.86,90968.7,29.08204,2025-11-27 05:00:00
1764223200000,90967.54,91724.79,88070.24,91237.69,42.11169,2025-11-27 06:00:00
1764226800000,91244.59,91496.63,91150.0,91408.35,25.71602,2025-11-27 07:00:00
1764230400000,91408.34,91520.24,91229.68,91492.02,26.22832,2025-11-27 08:00:00
1764234000000,91492.02,91936.0,91475.39,91561.66,30.0467,2025-11-27 09:00:00
1764237600000,91561.67,91950.0,91353.41,91628.89,24.89192,2025-11-27 10:00:00
1764241200000,91613.52,91619.36,91310.51,91371.87,14.28595,2025-11-27 11:00:00
1764244800000,91371.88,91449.93,90959.11,90973.65,22.03298,2025-11-27 12:00:00
1764248400000,90973.66,91102.76,90451.55,90852.78,17.83276,2025-11-27 13:00:00
1764252000000,90852.79,90900.0,90623.03,90900.0,8.49811,2025-11-27 14:00:00
1764255600000,90899.99,91616.25,90775.37,90927.33,6.26224,2025-11-27 15:00:00
1764259200000,90958.3,91535.3,90850.77,91477.17,9.39297,2025-11-27 16:00:00
1764262800000,91467.13,108068.13,91262.37,91471.75,43.99057,2025-11-27 17:00:00
1764266400000,91479.31,91840.0,91356.35,91807.46,19.14946,2025-11-27 18:00:00
1764270000000,91792.0,91792.0,91516.12,91522.0,19.49761,2025-11-27 19:00:00
1764273600000,91528.22,91570.68,91400.0,91457.36,13.33579,2025-11-27 20:00:00
1764277200000,91433.18,91577.5,91225.02,91427.0,9.4423,2025-11-27 21:00:00
1764280800000,91409.03,95101.7,91140.04,91343.98,17.34773,2025-11-27 22:00:00
1764284400000,91338.09,95101.7,91213.79,91333.95,23.50821,2025-11-27 23:00:00
1764288000000,91333.95,91417.99,91053.18,91199.53,21.51739,2025-11-28 00:00:00
1764291600000,91199.54,91207.33,85791.53,90804.56,31.69298,2025-11-28 01:00:00
1764295200000,90804.56,91134.66,90635.91,91083.07,28.75133,2025-11-28 02:00:00
1764298800000,91083.08,91303.27,91006.11,91208.86,18.28488,2025-11-28 03:00:00
1764302400000,91208.86,92019.28,91130.0,91444.05,15.84145,2025-11-28 04:00:00
1764306000000,91444.06,108068.13,91304.29,91613.0,30.48296,2025-11-28 05:00:00
1764309600000,91612.09,91612.09,91156.24,91306.41,13.17978,2025-11-28 06:00:00
1764313200000,91306.41,91552.9,84933.61,90934.17,39.39885,2025-11-28 07:00:00
1764316800000,90909.56,91921.62,20000.0,91615.22,39.72022,2025-11-28 08:00:00
1764320400000,91615.22,91886.68,91386.98,91597.6,28.48769,2025-11-28 09:00:00
1764324000000,91597.61,91860.14,91337.85,91839.32,33.52367,2025-11-28 10:00:00
1764327600000,91839.32,92083.0,71475.54,91437.64,59.42788,2025-11-28 11:00:00
1764331200000,91437.64,91667.6,76456.27,91513.19,48.75293,2025-11-28 12:00:00
1764334800000,91513.19,92614.47,91394.66,92318.5,39.29445,2025-11-28 13:00:00
1764338400000,92318.5,93228.28,91836.33,92207.84,59.4643,2025-11-28 14:00:00
1764342000000,92250.0,110000.0,92001.03,92370.29,40.78712,2025-11-28 15:00:00
1764345600000,92370.3,110000.0,79999.99,90926.91,50.06467,2025-11-28 16:00:00
1764349200000,90936.24,91285.34,90207.27,90490.01,49.74512,2025-11-28 17:00:00
1764352800000,90490.01,90940.52,90421.9,90767.05,32.46481,2025-11-28 18:00:00
1764356400000,90767.05,91242.0,90682.59,91157.45,23.50177,2025-11-28 19:00:00
1764360000000,91157.45,91201.31,90867.89,91201.09,21.27999,2025-11-28 20:00:00
1764363600000,91201.1,91245.27,90888.0,90888.01,15.68228,2025-11-28 21:00:00
1764367200000,90888.01,91159.89,90508.64,91101.76,30.8051,2025-11-28 22:00:00
1764370800000,91101.77,91182.18,90890.7,90890.7,11.90368,2025-11-28 23:00:00
1764374400000,90890.71,90968.0,90557.24,90884.02,11.74035,2025-11-29 00:00:00
1764378000000,90884.02,91119.99,90797.36,90883.57,17.41505,2025-11-29 01:00:00
1764381600000,90883.57,90925.6,90551.13,90792.56,20.18271,2025-11-29 02:00:00
1764385200000,90798.9,90874.03,90670.01,90688.25,14.06343,2025-11-29 03:00:00
1764388800000,90680.26,90909.0,90562.01,90901.56,13.27453,2025-11-29 04:00:00
1764392400000,90901.56,90988.88,90716.82,90747.15,17.24616,2025-11-29 05:00:00
1764396000000,90747.16,90832.57,35000.0,90565.3,27.49989,2025-11-29 06:00:00
1764399600000,90565.3,90665.99,90377.13,90567.66,15.29137,2025-11-29 07:00:00
1764403200000,90567.67,90733.02,90477.75,90629.68,21.17967,2025-11-29 08:00:00
1764406800000,90629.68,90745.45,90508.06,90560.08,13.26316,2025-11-29 09:00:00
1764410400000,90560.08,90645.13,90439.28,90581.02,21.09646,2025-11-29 10:00:00
1764414000000,90561.52,91251.12,90458.17,90673.2,15.4083,2025-11-29 11:00:00
1764417600000,90673.2,90810.45,90530.93,90619.29,17.51862,2025-11-29 12:00:00
1764421200000,90616.02,90805.98,90594.44,90783.16,14.92879,2025-11-29 13:00:00
1764424800000,90783.17,90783.17,90613.57,90621.74,9.54552,2025-11-29 14:00:00
1764428400000,90621.74,91088.09,90621.73,91061.15,29.67951,2025-11-29 15:00:00
1764432000000,91061.16,91159.6,90812.77,90997.26,22.74163,2025-11-29 16:00:00
1764435600000,91007.13,91019.0,90421.21,90421.22,42.47388,2025-11-29 17:00:00
1764439200000,90421.22,90717.79,90178.48,90690.84,44.43804,2025-11-29 18:00:00
1764442800000,90690.85,90907.54,89776.01,90651.16,29.30535,2025-11-29 19:00:00
1764446400000,90651.16,90998.2,90400.21,90967.04,45.6945,2025-11-29 20:00:00
1764450000000,90967.05,91114.02,90814.52,90992.99,16.10054,2025-11-29 21:00:00
1764453600000,91008.69,91008.69,90704.02,90744.75,21.80826,2025-11-29 22:00:00
1764457200000,90744.75,90887.8,90690.23,90795.02,18.84904,2025-11-29 23:00:00
1764460800000,90802.44,90945.59,90771.15,90893.95,10.32286,2025-11-30 00:00:00
1764464400000,90893.94,91055.5,90863.05,90927.93,12.41457,2025-11-30 01:00:00
1764468000000,90913.31,91032.17,90749.9,90784.34,14.17435,2025-11-30 02:00:00
1764471600000,90787.69,90917.96,90185.84,90909.35,30.48255,2025-11-30 03:00:00
1764475200000,90909.35,91059.94,90803.17,90857.99,13.4197,2025-11-30 04:00:00
1764478800000,90858.0,90858.0,90677.7,90783.75,14.71129,2025-11-30 05:00:00
1764482400000,90783.75,90937.5,90717.51,90898.68,16.62632,2025-11-30 06:00:00
1764486000000,90898.69,91037.71,90860.01,90968.17,12.39567,2025-11-30 07:00:00
1764489600000,90968.16,91420.46,90927.16,91179.53,32.89563,2025-11-30 08:00:00
1764493200000,91179.54,91692.23,91152.32,91413.08,30.96367,2025-11-30 09:00:00
1764496800000,91413.08,91448.63,91200.0,91234.31,16.8115,2025-11-30 10:00:00
1764500400000,91234.32,91373.31,91019.4,91054.81,20.23602,2025-11-30 11:00:00
1764504000000,91048.79,91536.99,91014.24,91466.61,30.78666,2025-11-30 12:00:00
1764507600000,91469.52,91967.26,91401.46,91765.14,28.70122,2025-11-30 13:00:00
1764511200000,91765.15,91967.42,90234.98,91479.99,44.43908,2025-11-30 14:00:00
1764514800000,91499.99,91612.83,91326.59,91434.13,23.3193,2025-11-30 15:00:00
1764518400000,91434.12,91850.0,91406.98,91812.72,21.46742,2025-11-30 16:00:00
1764522000000,91818.38,91821.59,91313.26,91488.19,24.65187,2025-11-30 17:00:00
1764525600000,91488.19,91488.19,91168.4,91459.9,16.10164,2025-11-30 18:00:00
1764529200000,91459.9,91515.02,91298.4,91468.74,21.38164,2025-11-30 19:00:00
1764532800000,91463.18,91626.75,91187.1,91315.6,23.77089,2025-11-30 20:00:00
1764536400000,91315.59,91332.18,90935.18,91169.06,25.3942,2025-11-30 21:00:00
1764540000000,91169.06,91350.3,91049.7,91225.27,20.71687,2025-11-30 22:00:00
1764543600000,91225.27,91253.98,90336.91,90360.01,42.05385,2025-11-30 23:00:00
1764547200000,90360.0,90500.0,49000.0,87043.0,89.14064,2025-12-01 00:00:00
1764550800000,87042.99,87736.85,86941.4,87181.24,50.52491,2025-12-01 01:00:00
1764554400000,87168.91,87500.0,49000.0,86722.3,47.02765,2025-12-01 02:00:00
1764558000000,86722.29,86800.0,86194.02,86350.0,41.73376,2025-12-01 03:00:00
1764561600000,86350.01,86481.98,84892.44,85802.81,46.13182,2025-12-01 04:00:00
1764565200000,85800.01,86006.85,48500.0,86003.11,39.0252,2025-12-01 05:00:00
1764568800000,86003.12,88561.55,85974.67,86250.0,39.10388,2025-12-01 06:00:00
1764572400000,86250.01,86578.06,85985.13,86559.27,38.94237,2025-12-01 07:00:00
1764576000000,86559.27,86880.87,86400.01,86852.97,36.638,2025-12-01 08:00:00
1764579600000,86852.97,86929.11,86528.52,86728.6,35.28166,2025-12-01 09:00:00
1764583200000,86704.86,86813.99,86559.11,86647.72,22.00504,2025-12-01 10:00:00
1764586800000,86647.72,86683.31,86131.01,86149.59,35.98409,2025-12-01 11:00:00
1764590400000,86149.59,91424.35,84790.0,85429.09,67.28039,2025-12-01 12:00:00
1764594000000,85430.65,86437.62,85366.62,85988.3,60.43851,2025-12-01 13:00:00
1764597600000,85986.84,86717.5,85928.98,86056.91,65.42566,2025-12-01 14:00:00
1764601200000,86073.92,86099.2,48500.0,84677.0,72.85811,2025-12-01 15:00:00
1764604800000,84677.0,86423.98,84062.79,84549.99,155.82433,2025-12-01 16:00:00
1764608400000,84550.0,86590.22,48500.0,84963.99,165.62416,2025-12-01 17:00:00
1764612000000,84933.51,85964.13,84596.75,85263.99,158.41686,2025-12-01 18:00:00
1764615600000,85202.43,85620.61,84264.46,84983.14,127.33085,2025-12-01 19:00:00
1764619200000,85058.15,92540.0,48000.0,85439.79,225.98899,2025-12-01 20:00:00
1764622800000,85469.5,92540.0,85274.7,86430.09,182.29222,2025-12-01 21:00:00
1764626400000,86430.09,95953.8,86211.27,86572.62,136.09899,2025-12-01 22:00:00
1764630000000,86572.62,86833.55,84406.58,86313.82,118.08669,2025-12-01 23:00:00
1764633600000,86313.82,86806.9,53460.0,86505.18,165.56672,2025-12-02 00:00:00
1764637200000,86473.69,95953.8,84593.52,86454.93,186.38974,2025-12-02 01:00:00
1764640800000,86454.92,95953.8,86276.58,86530.7,135.59382,2025-12-02 02:00:00
1764644400000,86548.16,87586.75,86207.53,86958.0,136.20917,2025-12-02 03:00:00
1764648000000,86958.0,87269.45,86839.19,86966.31,101.35471,2025-12-02 04:00:00
1764651600000,86970.28,96274.56,86818.14,87008.2,104.58656,2025-12-02 05:00:00
1764655200000,87002.49,87176.43,86870.0,87090.46,66.50524,2025-12-02 06:00:00
1764658800000,87090.46,87117.17,86281.42,87013.68,67.52299,2025-12-02 07:00:00
1764662400000,87039.78,87142.48,86281.42,86450.95,106.6109,2025-12-02 08:00:00
1764666000000,86450.96,87189.77,86450.95,86790.83,91.94168,2025-12-02 09:00:00
1764669600000,86769.88,89576.62,86760.01,87275.46,100.73669,2025-12-02 10:00:00
1764673200000,87272.44,88319.71,87010.62,87330.24,108.16876,2025-12-02 11:00:00
1764676800000,87330.24,87579.82,87218.44,87272.93,85.26182,2025-12-02 12:00:00
1764680400000,87272.93,87865.06,87055.04,87723.95,162.68818,2025-12-02 13:00:00
1764684000000,87723.94,89576.62,87612.21,89240.08,235.03639,2025-12-02 14:00:00
1764687600000,89240.09,118711.0,89240.08,90884.33,270.64336,2025-12-02 15:00:00
1764691200000,90884.33,91313.56,90078.09,90751.44,169.72502,2025-12-02 16:00:00
1764694800000,90751.44,91950.0,90751.43,91469.78,139.37244,2025-12-02 17:00:00
1764698400000,91450.88,92180.0,91000.0,91961.04,152.2424,2025-12-02 18:00:00
1764702000000,91955.55,92327.79,91885.99,91896.1,119.87533,2025-12-02 19:00:00
1764705600000,91896.11,92027.08,90732.53,91073.33,175.94062,2025-12-02 20:00:00
1764709200000,91073.33,91622.69,90851.46,91562.43,95.58282,2025-12-02 21:00:00
1764712800000,91562.43,92040.48,91510.6,91982.62,107.11616,2025-12-02 22:00:00
1764716400000,91988.36,92040.48,86615.59,91299.99,72.46381,2025-12-02 23:00:00
1764720000000,91269.39,91744.59,86281.42,91650.38,129.94149,2025-12-03 00:00:00
1764723600000,91650.38,92425.93,91385.19,92228.29,112.14202,2025-12-03 01:00:00
1764727200000,92234.0,93184.36,92098.33,92817.92,149.10021,2025-12-03 02:00:00
1764730800000,92817.93,93130.86,92551.05,92673.45,124.93946,2025-12-03 03:00:00
1764734400000,92650.02,93390.7,92567.79,93357.02,136.44186,2025-12-03 04:00:00
1764738000000,93357.03,95500.0,93103.04,93642.92,117.56366,2025-12-03 05:00:00
1764741600000,93642.93,93950.68,92420.52,93421.09,132.89585,2025-12-03 06:00:00
1764745200000,93421.09,93772.5,86178.94,92970.23,148.6232,2025-12-03 07:00:00
1764748800000,92980.11,93265.11,91899.82,92769.93,135.41457,2025-12-03 08:00:00
1764752400000,92769.94,93203.08,92346.74,93179.08,136.78954,2025-12-03 09:00:00
1764756000000,93179.08,93548.56,92844.38,92920.96,116.89853,2025-12-03 10:00:00
1764759600000,92920.96,93190.53,92686.93,93014.64,95.65299,2025-12-03 11:00:00
1764763200000,93014.65,93096.96,92688.72,92925.27,105.37381,2025-12-03 12:00:00
1764766800000,92922.9,93248.35,92895.56,93130.77,107.6552,2025-12-03 13:00:00
1764770400000,93130.78,93777.92,90000.0,92390.52,289.75717,2025-12-03 14:00:00
1764774000000,92390.52,92990.75,91933.29,92346.74,178.85352,2025-12-03 15:00:00
1764777600000,92364.67,92762.3,91360.09,92242.24,164.37001,2025-12-03 16:00:00
1764781200000,92242.23,93037.23,92193.4,92949.41,160.62681,2025-12-03 17:00:00
1764784800000,92948.78,95000.0,92411.69,92623.85,139.2238,2025-12-03 18:00:00
1764788400000,92623.86,93755.12,91567.45,93023.33,102.41805,2025-12-03 19:00:00
1764792000000,93023.33,93400.73,92852.91,92955.16,132.37096,2025-12-03 20:00:00
1764795600000,92955.17,93809.04,92809.64,93753.52,112.05491,2025-12-03 21:00:00
1764799200000,93753.52,93970.01,93263.69,93781.0,134.70623,2025-12-03 22:00:00
1764802800000,93781.01,94081.81,93396.37,93448.18,117.36015,2025-12-03 23:00:00
1764806400000,93434.32,93646.19,92649.42,93053.7,107.66982,2025-12-04 00:00:00
1764810000000,93048.19,94553.56,92991.11,93186.08,100.16092,2025-12-04 01:00:00
1764813600000,93195.06,95000.0,93126.04,93947.8,143.7156,2025-12-04 02:00:00
1764817200000,93943.23,94052.27,93306.38,93539.53,117.24478,2025-12-04 03:00:00
1764820800000,93543.03,93942.48,93213.62,93360.57,81.5287,2025-12-04 04:00:00
1764824400000,93360.58,93443.36,90000.0,92979.25,86.13599,2025-12-04 05:00:00
1764828000000,92979.25,93443.36,91567.45,93128.86,95.9162,2025-12-04 06:00:00
1764831600000,93140.75,93413.39,92888.0,93399.01,64.4468,2025-12-04 07:00:00
1764835200000,93397.68,94555.01,93044.41,93253.78,102.29376,2025-12-04 08:00:00
1764838800000,93253.78,93762.1,93219.76,93454.7,97.62953,2025-12-04 09:00:00
1764842400000,93454.7,93553.69,93166.0,93255.56,95.8077,2025-12-04 10:00:00
1764846000000,93260.0,93318.17,92730.57,92946.03,85.39961,2025-12-04 11:00:00
1764849600000,92948.32,93186.4,92782.49,92990.17,103.84224,2025-12-04 12:00:00
1764853200000,92990.18,93053.16,92279.2,92592.32,130.08345,2025-12-04 13:00:00
